,url,title,author,num_ratings,avg_rating,minmax_norm_ratings,mean_norm_ratings,num_pages,original_publish_year,places
0,https://www.goodreads.com/book/show/2767052-the-hunger-games,"The Hunger Games (The Hunger Games, #1)",Suzanne Collins,7251682,4.32,6.82,2.45,374,2003,United Kingdom
1,https://www.goodreads.com/book/show/2.Harry_Potter_and_the_Order_of_the_Phoenix,"Harry Potter and the Order of the Phoenix (Harry Potter, #5)",J.K. Rowling,2881319,4.5,8.04,3.66,870,1960,United States
2,https://www.goodreads.com/book/show/2657.To_Kill_a_Mockingbird,To Kill a Mockingbird,Harper Lee,5174551,4.27,6.48,2.11,336,1813,United Kingdom
4,https://www.goodreads.com/book/show/19063.The_Book_Thief,The Book Thief,Markus Zusak,2130791,4.38,7.23,2.85,552,2005,United States
14,https://www.goodreads.com/book/show/5297.The_Picture_of_Dorian_Gray,The Picture of Dorian Gray,Oscar Wilde,1167622,4.1,5.33,0.96,272,2003,France
15,https://www.goodreads.com/book/show/968.The_Da_Vinci_Code,"The Da Vinci Code (Robert Langdon, #2)",Dan Brown,2120984,3.88,3.84,-0.53,489,1847,United Kingdom
16,https://www.goodreads.com/book/show/10210.Jane_Eyre,Jane Eyre,Charlotte Brontë,1822895,4.14,5.6,1.23,532,1997,Japan
19,https://www.goodreads.com/book/show/22628.The_Perks_of_Being_a_Wallflower,The Perks of Being a Wallflower,Stephen Chbosky,1470801,4.21,6.08,1.7,213,1997,United Kingdom
21,https://www.goodreads.com/book/show/13079982-fahrenheit-451,Fahrenheit 451,Ray Bradbury,1974002,3.98,4.52,0.14,194,1862,France
22,https://www.goodreads.com/book/show/24280.Les_Mis_rables,Les Misérables,Victor Hugo,733504,4.19,5.94,1.57,1463,2011,United States
24,https://www.goodreads.com/book/show/4671.The_Great_Gatsby,The Great Gatsby,F. Scott Fitzgerald,4356083,3.93,4.18,-0.19,200,1988,Morocco
25,https://www.goodreads.com/book/show/18144590-the-alchemist,The Alchemist,Paulo Coelho,2480194,3.89,3.91,-0.46,182,1866,Russian Federation
28,https://www.goodreads.com/book/show/157993.The_Little_Prince,The Little Prince,Antoine de Saint-Exupéry,1680718,4.31,6.75,2.38,96,1597,Italy
30,https://www.goodreads.com/book/show/256683.City_of_Bones,"City of Bones (The Mortal Instruments, #1)",Cassandra Clare,1801608,4.09,5.26,0.89,485,1908,Canada
31,https://www.goodreads.com/book/show/8127.Anne_of_Green_Gables,"Anne of Green Gables (Anne of Green Gables, #1)",L.M. Montgomery,837052,4.28,6.55,2.17,320,2005,United States
35,https://www.goodreads.com/book/show/24178.Charlotte_s_Web,Charlotte's Web,E.B. White,1600521,4.18,5.87,1.5,184,1937,United States
38,https://www.goodreads.com/book/show/18619684-the-time-traveler-s-wife,The Time Traveler's Wife,Audrey Niffenegger,1669840,3.98,4.52,0.14,500,1932,United States
40,https://www.goodreads.com/book/show/320.One_Hundred_Years_of_Solitude,One Hundred Years of Solitude,Gabriel García Márquez,840285,4.1,5.33,0.96,417,1951,United States
45,https://www.goodreads.com/book/show/13496.A_Game_of_Thrones,"A Game of Thrones (A Song of Ice and Fire, #1)",George R.R. Martin,2206193,4.44,7.63,3.26,835,1962,United States
46,https://www.goodreads.com/book/show/33574273-a-wrinkle-in-time,"A Wrinkle in Time (Time Quintet, #1)",Madeleine L'Engle,1113432,3.99,4.59,0.21,218,1967,United States
48,https://www.goodreads.com/book/show/2956.The_Adventures_of_Huckleberry_Finn,The Adventures of Huckleberry Finn,Mark Twain,1203763,3.82,3.44,-0.94,327,-800,Greece
52,https://www.goodreads.com/book/show/23772.Green_Eggs_and_Ham,Green Eggs and Ham,Dr. Seuss,692035,4.3,6.68,2.31,64,2001,India
53,https://www.goodreads.com/book/show/4214.Life_of_Pi,Life of Pi,Yann Martel,1464179,3.92,4.11,-0.26,460,1859,France
56,https://www.goodreads.com/book/show/7604.Lolita,Lolita,Vladimir Nabokov,732788,3.88,3.84,-0.53,331,2006,United States
57,https://www.goodreads.com/book/show/43641.Water_for_Elephants,Water for Elephants,Sara Gruen,1486482,4.1,5.33,0.96,335,1818,Switzerland
61,https://www.goodreads.com/book/show/4981.Slaughterhouse_Five,Slaughterhouse-Five,Kurt Vonnegut Jr.,1227380,4.08,5.2,0.82,275,1869,United States
66,https://www.goodreads.com/book/show/168668.Catch_22,Catch-22,Joseph Heller,772332,3.98,4.52,0.14,453,1978,United States
69,https://www.goodreads.com/book/show/3590.The_Adventures_of_Sherlock_Holmes,"The Adventures of Sherlock Holmes (Sherlock Holmes, #3)",Arthur Conan Doyle,268675,4.3,6.68,2.31,389,1972,United Kingdom
70,https://www.goodreads.com/book/show/76620.Watership_Down,"Watership Down (Watership Down, #1)",Richard  Adams,455081,4.07,5.13,0.75,478,1963,United States
75,https://www.goodreads.com/book/show/10964.Outlander,"Outlander (Outlander, #1)",Diana Gabaldon,924684,4.24,6.28,1.9,850,1962,United States
76,https://www.goodreads.com/book/show/332613.One_Flew_Over_the_Cuckoo_s_Nest,One Flew Over the Cuckoo's Nest,Ken Kesey,674283,4.2,6.01,1.63,325,2005,Sweden
77,https://www.goodreads.com/book/show/2429135.The_Girl_with_the_Dragon_Tattoo,"The Girl with the Dragon Tattoo (Millennium, #1)",Stieg Larsson,2870468,4.15,5.67,1.29,480,1938,Monaco
80,https://www.goodreads.com/book/show/10917.My_Sister_s_Keeper,My Sister's Keeper,Jodi Picoult,1126070,4.09,5.26,0.89,423,1982,United States
81,https://www.goodreads.com/book/show/52892857-the-color-purple,The Color Purple,Alice Walker,586008,4.24,6.28,1.9,304,1943,United States
85,https://www.goodreads.com/book/show/6288.The_Road,The Road,Cormac McCarthy,787141,3.97,4.45,0.08,241,1996,Ireland
88,https://www.goodreads.com/book/show/52036.Siddhartha,Siddhartha,Hermann Hesse,659815,4.05,4.99,0.62,152,1995,Norway
89,https://www.goodreads.com/book/show/119322.The_Golden_Compass,"The Golden Compass (His Dark Materials, #1)",Philip Pullman,1396998,4.0,4.65,0.28,399,1998,United States
92,https://www.goodreads.com/book/show/662.Atlas_Shrugged,Atlas Shrugged,Ayn Rand,370410,3.69,2.56,-1.82,1078,1952,United States
93,https://www.goodreads.com/book/show/2165.The_Old_Man_and_the_Sea,The Old Man and the Sea,Ernest Hemingway,958249,3.79,3.23,-1.14,96,1996,United States
94,https://www.goodreads.com/book/show/33648131-the-notebook,"The Notebook (The Notebook, #1)",Nicholas Sparks,1479044,4.12,5.47,1.09,227,1926,United Kingdom
96,https://www.goodreads.com/book/show/23919.The_Complete_Stories_and_Poems,The Complete Stories and Poems,Edgar Allan Poe,233125,4.37,7.16,2.78,821,1976,United States
97,https://www.goodreads.com/book/show/43763.Interview_with_the_Vampire,"Interview with the Vampire (The Vampire Chronicles, #1)",Anne Rice,525623,4.01,4.72,0.35,346,1989,United States
99,https://www.goodreads.com/book/show/6.Harry_Potter_and_the_Goblet_of_Fire,"Harry Potter and the Goblet of Fire (Harry Potter, #4)",J.K. Rowling,3005530,4.57,8.51,4.14,734,1851,United States
101,https://www.goodreads.com/book/show/3263607-the-fellowship-of-the-ring,"The Fellowship of the Ring (The Lord of the Rings, #1)",J.R.R. Tolkien,2548923,4.37,7.16,2.78,527,2005,United Kingdom
104,https://www.goodreads.com/book/show/4989.The_Red_Tent,The Red Tent,Anita Diamant,554455,4.19,5.94,1.57,324,2001,United States
109,https://www.goodreads.com/book/show/186074.The_Name_of_the_Wind,"The Name of the Wind (The Kingkiller Chronicle, #1)",Patrick Rothfuss,816429,4.52,8.17,3.8,662,1977,United States
110,https://www.goodreads.com/book/show/11588.The_Shining,The Shining,Stephen King,1273443,4.25,6.35,1.97,659,1967,Russian Federation
111,https://www.goodreads.com/book/show/117833.The_Master_and_Margarita,The Master and Margarita,Mikhail Bulgakov,282094,4.3,6.68,2.31,372,2002,Turkey
112,https://www.goodreads.com/book/show/2187.Middlesex,Middlesex,Jeffrey Eugenides,609065,4.02,4.79,0.42,529,1998,United Kingdom
118,https://www.goodreads.com/book/show/6310.Charlie_and_the_Chocolate_Factory,"Charlie and the Chocolate Factory (Charlie Bucket, #1)",Roald Dahl,750627,4.15,5.67,1.29,176,2005,United States
119,https://www.goodreads.com/book/show/99561.Looking_for_Alaska,Looking for Alaska,John Green,1321110,3.99,4.59,0.21,221,2003,United Kingdom
121,https://www.goodreads.com/book/show/4948.The_Very_Hungry_Caterpillar,The Very Hungry Caterpillar,Eric Carle,447179,4.3,6.68,2.31,26,2001,Spain
122,https://www.goodreads.com/book/show/1232.The_Shadow_of_the_Wind,"The Shadow of the Wind (The Cemetery of Forgotten Books, #1)",Carlos Ruiz Zafón,538260,4.28,6.55,2.17,487,1957,United States
124,https://www.goodreads.com/book/show/6900.Tuesdays_with_Morrie,Tuesdays with Morrie,Mitch Albom,874844,4.13,5.53,1.16,210,1984,Czech Republic
125,https://www.goodreads.com/book/show/9717.The_Unbearable_Lightness_of_Being,The Unbearable Lightness of Being,Milan Kundera,388154,4.11,5.4,1.02,320,1980,Italy
126,https://www.goodreads.com/book/show/119073.The_Name_of_the_Rose,The Name of the Rose,Umberto Eco,328591,4.13,5.53,1.16,536,1961,United States
127,https://www.goodreads.com/book/show/10365.Where_the_Red_Fern_Grows,Where the Red Fern Grows,Wilson Rawls,370629,4.09,5.26,0.89,272,1969,United States
128,https://www.goodreads.com/book/show/22034.The_Godfather,"The Godfather (The Godfather, #1)",Mario Puzo,371641,4.37,7.16,2.78,448,1844,France
132,https://www.goodreads.com/book/show/100915.The_Lion_the_Witch_and_the_Wardrobe,"The Lion, the Witch and the Wardrobe (Chronicles of Narnia, #1)",C.S. Lewis,2411805,4.23,6.21,1.84,206,1965,United States
134,https://www.goodreads.com/book/show/5907.The_Hobbit_or_There_and_Back_Again,"The Hobbit, or There and Back Again",J.R.R. Tolkien,3307392,4.28,6.55,2.17,366,1986,United States
137,https://www.goodreads.com/book/show/36236124-fight-club,Fight Club,Chuck Palahniuk,533756,4.19,5.94,1.57,224,1998,United States
138,https://www.goodreads.com/book/show/38709.Holes,"Holes (Holes, #1)",Louis Sachar,1073622,3.98,4.52,0.14,233,1985,France
141,https://www.goodreads.com/book/show/233093.The_Cat_in_the_Hat,"The Cat in the Hat (The Cat in the Hat, #1)",Dr. Seuss,484587,4.17,5.8,1.43,61,2001,United States
142,https://www.goodreads.com/book/show/30165203-american-gods,"American Gods (American Gods, #1)",Neil Gaiman,832408,4.11,5.4,1.02,635,1985,United States
143,https://www.goodreads.com/book/show/256008.Lonesome_Dove,Lonesome Dove (Lonesome Dove #1),Larry McMurtry,165425,4.5,8.04,3.66,960,1987,United States
148,https://www.goodreads.com/book/show/355697.All_Quiet_on_the_Western_Front,All Quiet on the Western Front,Erich Maria Remarque,387650,4.01,4.72,0.35,296,1911,United Kingdom
149,https://www.goodreads.com/book/show/34268.Peter_Pan,Peter Pan,J.M. Barrie,310471,4.04,4.92,0.55,176,1985,Colombia
151,https://www.goodreads.com/book/show/11735983-insurgent,"Insurgent (Divergent, #2)",Veronica Roth,1317756,4.0,4.65,0.28,525,1999,United States
153,https://www.goodreads.com/book/show/1423.The_Compleat_Works_of_Wllm_Shkspr,The Compleat Works of Wllm Shkspr,Adam Long,8587,4.46,7.77,3.39,137,1977,Italy
155,https://www.goodreads.com/book/show/2802316-shadow-kiss,"Shadow Kiss (Vampire Academy, #3)",Richelle Mead,346705,4.33,6.89,2.51,443,1990,United Kingdom
157,https://www.goodreads.com/book/show/113946.How_the_Grinch_Stole_Christmas_,How the Grinch Stole Christmas!,Dr. Seuss,370971,4.36,7.09,2.72,64,1937,United States
162,https://www.goodreads.com/book/show/6867.Atonement,Atonement,Ian McEwan,474940,3.92,4.11,-0.26,351,1844,France
163,https://www.goodreads.com/book/show/7190.The_Three_Musketeers,"The Three Musketeers (The D'Artagnan Romances, #1)",Alexandre Dumas,294242,4.08,5.2,0.82,625,1900,United States
167,https://www.goodreads.com/book/show/32929.Goodnight_Moon,Goodnight Moon,Margaret Wise Brown,338054,4.29,6.62,2.24,32,2008,United States
174,https://www.goodreads.com/book/show/32261.Tess_of_the_D_Urbervilles,Tess of the D'Urbervilles,Thomas Hardy,257170,3.82,3.44,-0.94,518,1899,Belgium
179,https://www.goodreads.com/book/show/7938275-the-hunger-games-trilogy-boxset,"The Hunger Games Trilogy Boxset (The Hunger Games, #1-3)",Suzanne Collins,201936,4.48,7.9,3.53,1155,1903,United States
182,https://www.goodreads.com/book/show/40605251-the-mists-of-avalon,"The Mists of Avalon (Avalon, #1)",Marion Zimmer Bradley,199253,4.12,5.47,1.09,1009,1989,United States
186,https://www.goodreads.com/book/show/71728.Jonathan_Livingston_Seagull,Jonathan Livingston Seagull,Richard Bach,225201,3.85,3.64,-0.74,112,1856,France
189,https://www.goodreads.com/book/show/18254.Oliver_Twist,Oliver Twist,Charles Dickens,349935,3.87,3.77,-0.6,608,2006,Sweden
192,https://www.goodreads.com/book/show/27712.The_Neverending_Story,The Neverending Story,Michael Ende,181794,4.17,5.8,1.43,396,1922,Ireland
199,https://www.goodreads.com/book/show/2696.The_Canterbury_Tales,The Canterbury Tales,Geoffrey Chaucer,204184,3.52,1.41,-2.97,521,1929,Italy
202,https://www.goodreads.com/book/show/6148028-catching-fire,"Catching Fire (The Hunger Games, #2)",Suzanne Collins,2915092,4.3,6.68,2.31,391,1850,United Kingdom
205,https://www.goodreads.com/book/show/9361589-the-night-circus,The Night Circus,Erin Morgenstern,804439,4.03,4.86,0.48,630,2006,Poland
206,https://www.goodreads.com/book/show/39999.The_Boy_in_the_Striped_Pajamas,The Boy in the Striped Pajamas,John Boyne,644548,4.16,5.74,1.36,240,1990,Costa Rica
212,https://www.goodreads.com/book/show/52382796-sh-gun,Shōgun,James Clavell,159796,4.4,7.36,2.99,1152,1982,Poland
214,https://www.goodreads.com/book/show/4588.Extremely_Loud_Incredibly_Close,Extremely Loud & Incredibly Close,Jonathan Safran Foer,401394,3.97,4.45,0.08,326,1987,United States
216,https://www.goodreads.com/book/show/7736182-the-lost-hero,"The Lost Hero (The Heroes of Olympus, #1)",Rick Riordan,717020,4.32,6.82,2.45,553,2001,United Kingdom
224,https://www.goodreads.com/book/show/10025305-clockwork-prince,"Clockwork Prince (The Infernal Devices, #2)",Cassandra Clare,501689,4.43,7.56,3.19,498,1980,United States
226,https://www.goodreads.com/book/show/1375.The_Iliad_The_Odyssey,The Iliad/The Odyssey,Homer,68449,4.05,4.99,0.62,1556,1926,France
229,https://www.goodreads.com/book/show/36381037-cinder,"Cinder (The Lunar Chronicles, #1)",Marissa Meyer,795187,4.13,5.53,1.16,400,1947,Netherlands
230,https://www.goodreads.com/book/show/48855.The_Diary_of_a_Young_Girl,The Diary of a Young Girl,Anne Frank,3182159,4.17,5.8,1.43,283,1953,United States
232,https://www.goodreads.com/book/show/6479259-spirit-bound,"Spirit Bound (Vampire Academy, #5)",Richelle Mead,278644,4.33,6.89,2.51,489,1988,United States
233,https://www.goodreads.com/book/show/23807.The_Silence_of_the_Lambs,"The Silence of the Lambs  (Hannibal Lecter, #2)",Thomas  Harris,508019,4.22,6.14,1.77,421,1963,United States
234,https://www.goodreads.com/book/show/135479.Cat_s_Cradle,Cat's Cradle,Kurt Vonnegut Jr.,362775,4.16,5.74,1.36,179,1946,Poland
238,https://www.goodreads.com/book/show/8130077-the-screwtape-letters,The Screwtape Letters,C.S. Lewis,376590,4.24,6.28,1.9,228,1992,United States
240,https://www.goodreads.com/book/show/30118.A_Light_in_the_Attic,A Light in the Attic,Shel Silverstein,408646,4.34,6.95,2.58,176,1971,Netherlands
242,https://www.goodreads.com/book/show/6752378-city-of-fallen-angels,"City of Fallen Angels (The Mortal Instruments, #4)",Cassandra Clare,543805,4.1,5.33,0.96,425,1999,Netherlands
245,https://www.goodreads.com/book/show/11566.The_Green_Mile,The Green Mile,Stephen King,275309,4.46,7.77,3.39,592,1909,France
247,https://www.goodreads.com/book/show/24337.Ella_Enchanted,Ella Enchanted (Ella Enchanted #1),Gail Carson Levine,401642,3.99,4.59,0.21,232,1992,United States
254,https://www.goodreads.com/book/show/6294.Howl_s_Moving_Castle,"Howl’s Moving Castle (Howl’s Moving Castle, #1)",Diana Wynne Jones,263319,4.27,6.48,2.11,329,1929,United States
257,https://www.goodreads.com/book/show/17927395-a-court-of-mist-and-fury,"A Court of Mist and Fury (A Court of Thorns and Roses, #2)",Sarah J. Maas,633814,4.61,8.78,4.41,626,2007,United States
262,https://www.goodreads.com/book/show/46170.For_Whom_the_Bell_Tolls,For Whom the Bell Tolls,Ernest Hemingway,266927,3.97,4.45,0.08,471,1971,United States
264,https://www.goodreads.com/book/show/24812.The_Complete_Calvin_and_Hobbes,The Complete Calvin and Hobbes,Bill Watterson,37944,4.79,10.0,5.63,1456,2012,United States
269,https://www.goodreads.com/book/show/6892870-the-girl-who-kicked-the-hornet-s-nest,"The Girl Who Kicked the Hornet's Nest (Millennium, #3)",Stieg Larsson,688544,4.23,6.21,1.84,566,1999,United States
270,https://www.goodreads.com/book/show/39280444-speak,Speak,Laurie Halse Anderson,528317,4.03,4.86,0.48,224,2008,United States
271,https://www.goodreads.com/book/show/6442769-paper-towns,Paper Towns,John Green,1122023,3.75,2.96,-1.41,305,2007,Congo  the Democratic Republic of the
272,https://www.goodreads.com/book/show/2184798.Blood_River,Blood River: A Journey to Africa's Broken Heart,Tim Butcher,11551,3.92,4.11,-0.26,363,1987,Japan
273,https://www.goodreads.com/book/show/11297.Norwegian_Wood,Norwegian Wood,Haruki Murakami,445141,4.03,4.86,0.48,296,1603,Italy
278,https://www.goodreads.com/book/show/12938.King_Lear,King Lear,William Shakespeare,197030,3.91,4.05,-0.33,338,1999,United States
281,https://www.goodreads.com/book/show/28194.Inkheart,"Inkheart (Inkworld, #1)",Cornelia Funke,398965,3.9,3.98,-0.4,563,1996,United States
282,https://www.goodreads.com/book/show/1845.Into_the_Wild,Into the Wild,Jon Krakauer,972290,4.0,4.65,0.28,215,1985,France
288,https://www.goodreads.com/book/show/188572.The_Complete_Sherlock_Holmes,The Complete Sherlock Holmes,Arthur Conan Doyle,183206,4.49,7.97,3.6,1796,2002,Japan
289,https://www.goodreads.com/book/show/4929.Kafka_on_the_Shore,Kafka on the Shore,Haruki Murakami,370042,4.14,5.6,1.23,467,1852,United States
292,https://www.goodreads.com/book/show/28881.Lamb,"Lamb: The Gospel According to Biff, Christ's Childhood Pal",Christopher Moore,164474,4.22,6.14,1.77,444,1759,Portugal
295,https://www.goodreads.com/book/show/30236962-the-historian,The Historian,Elizabeth Kostova,255314,3.79,3.23,-1.14,704,1952,United States
300,https://www.goodreads.com/book/show/569564.The_Complete_Works,The Complete Works,William Shakespeare,52903,4.47,7.83,3.46,1248,1855,United States
303,https://www.goodreads.com/book/show/2493.The_Time_Machine,The Time Machine,H.G. Wells,459837,3.9,3.98,-0.4,118,1982,United States
308,https://www.goodreads.com/book/show/4687.The_Cider_House_Rules,The Cider House Rules,John Irving,170866,4.14,5.6,1.23,973,2005,United Kingdom
311,https://www.goodreads.com/book/show/1215032.The_Wise_Man_s_Fear,"The Wise Man's Fear (The Kingkiller Chronicle, #2)",Patrick Rothfuss,480413,4.55,8.38,4.0,994,1970,United States
316,https://www.goodreads.com/book/show/16068905-fangirl,Fangirl,Rainbow Rowell,670591,4.0,4.65,0.28,483,1854,United States
319,https://www.goodreads.com/book/show/7235533-the-way-of-kings,"The Way of Kings (The Stormlight Archive, #1)",Brandon Sanderson,370209,4.63,8.92,4.54,1007,1899,United States
321,https://www.goodreads.com/book/show/12127750-the-mark-of-athena,"The Mark of Athena (The Heroes of Olympus, #3)",Rick Riordan,504966,4.46,7.77,3.39,586,2011,Greece
322,https://www.goodreads.com/book/show/13623848-the-song-of-achilles,The Song of Achilles,Madeline Miller,694763,4.41,7.43,3.05,378,1979,United States
324,https://www.goodreads.com/book/show/14942.Mrs_Dalloway,Mrs. Dalloway,Virginia Woolf,252742,3.79,3.23,-1.14,194,1987,United States
326,https://www.goodreads.com/book/show/17347634-me-before-you,"Me Before You (Me Before You, #1)",Jojo Moyes,1358933,4.26,6.41,2.04,369,1986,United States
336,https://www.goodreads.com/book/show/36402034-do-androids-dream-of-electric-sheep,Do Androids Dream of Electric Sheep?,Philip K. Dick,390343,4.09,5.26,0.89,258,2012,United States
353,https://www.goodreads.com/book/show/5805.V_for_Vendetta,V for Vendetta,Alan Moore,287451,4.25,6.35,1.97,296,1983,United Kingdom
355,https://www.goodreads.com/book/show/7733.Gulliver_s_Travels,Gulliver's Travels: Travels into Several Remote Nations of the World.,Jonathan Swift,250869,3.58,1.81,-2.56,306,1952,United States
356,https://www.goodreads.com/book/show/4406.East_of_Eden,East of Eden,John Steinbeck,468687,4.39,7.29,2.92,601,1906,Canada
362,https://www.goodreads.com/book/show/13536860-fifty-shades-freed,"Fifty Shades Freed (Fifty Shades, #3)",E.L. James,775024,3.84,3.57,-0.8,579,1632,Saudi Arabia
364,https://www.goodreads.com/book/show/15195.The_Complete_Maus,The Complete Maus,Art Spiegelman,169572,4.54,8.31,3.93,296,1900,Sweden
365,https://www.goodreads.com/book/show/52357.Beowulf,Beowulf,Unknown,267995,3.46,1.0,-3.37,245,2011,United States
372,https://www.goodreads.com/book/show/391729.The_Tell_Tale_Heart_and_Other_Writings,The Tell-Tale Heart and Other Writings,Edgar Allan Poe,231255,4.18,5.87,1.5,448,2005,United States
375,https://www.goodreads.com/book/show/6304335-beautiful-creatures,"Beautiful Creatures (Caster Chronicles, #1)",Kami Garcia,572604,3.76,3.03,-1.34,563,1959,United States
377,https://www.goodreads.com/book/show/228665.The_Eye_of_the_World,"The Eye of the World (The Wheel of Time, #1)",Robert Jordan,456365,4.18,5.87,1.5,814,1930,United States
383,https://www.goodreads.com/book/show/16631.Steppenwolf,Steppenwolf,Hermann Hesse,155032,4.13,5.53,1.16,256,2000,United States
386,https://www.goodreads.com/book/show/12578077-obsidian,"Obsidian (Lux, #1)",Jennifer L. Armentrout,260851,4.15,5.67,1.29,335,1831,France
388,https://www.goodreads.com/book/show/76778.The_Martian_Chronicles,The Martian Chronicles,Ray Bradbury,232736,4.15,5.67,1.29,182,1975,United States
391,https://www.goodreads.com/book/show/67896.Tao_Te_Ching,Tao Te Ching,Lao Tzu,134783,4.28,6.55,2.17,160,2000,United States
394,https://www.goodreads.com/book/show/862041.Harry_Potter_Series_Box_Set,"Harry Potter Series Box Set (Harry Potter, #1-7)",J.K. Rowling,268002,4.73,9.59,5.22,4100,2006,United States
396,https://www.goodreads.com/book/show/15645.Inferno,Inferno,Dante Alighieri,158161,4.01,4.72,0.35,490,1992,Italy
399,https://www.goodreads.com/book/show/22299763-crooked-kingdom,"Crooked Kingdom (Six of Crows, #2)",Leigh Bardugo,410616,4.61,8.78,4.41,561,2008,United States
402,https://www.goodreads.com/book/show/18122.The_Amber_Spyglass,"The Amber Spyglass (His Dark Materials, #3)",Philip Pullman,330596,4.09,5.26,0.89,465,1991,United States
405,https://www.goodreads.com/book/show/7791997-crescendo,"Crescendo (Hush, Hush, #2)",Becca Fitzpatrick,302340,4.0,4.65,0.28,432,1957,Russian Federation
409,https://www.goodreads.com/book/show/8755785-city-of-heavenly-fire,"City of Heavenly Fire (The Mortal Instruments, #6)",Cassandra Clare,338416,4.4,7.36,2.99,725,1918,United States
413,https://www.goodreads.com/book/show/10644930-11-22-63,11/22/63,Stephen King,470180,4.31,6.75,2.38,849,1947,Algeria
414,https://www.goodreads.com/book/show/11989.The_Plague,The Plague,Albert Camus,208540,4.02,4.79,0.42,308,1992,France
415,https://www.goodreads.com/book/show/5364.Dragonfly_in_Amber,"Dragonfly in Amber (Outlander, #2)",Diana Gabaldon,316986,4.33,6.89,2.51,947,1958,United States
418,https://www.goodreads.com/book/show/22463.The_Origin_of_Species,The Origin of Species,Charles Darwin,106780,3.99,4.59,0.21,703,1995,India
424,https://www.goodreads.com/book/show/12127810-the-house-of-hades,"The House of Hades (The Heroes of Olympus, #4)",Rick Riordan,324594,4.54,8.31,3.93,597,1947,United States
425,https://www.goodreads.com/book/show/12220.A_Streetcar_Named_Desire,A Streetcar Named Desire,Tennessee Williams,280957,3.98,4.52,0.14,107,1949,United States
431,https://www.goodreads.com/book/show/12000020-aristotle-and-dante-discover-the-secrets-of-the-universe,"Aristotle and Dante Discover the Secrets of the Universe (Aristotle and Dante, #1)",Benjamin Alire Sáenz,400814,4.35,7.02,2.65,359,1996,United States
433,https://www.goodreads.com/book/show/9460487-miss-peregrine-s-home-for-peculiar-children,"Miss Peregrine's Home for Peculiar Children (Miss Peregrine's Peculiar Children, #1)",Ransom Riggs,1114268,3.91,4.05,-0.33,352,1869,Czech Republic
435,https://www.goodreads.com/book/show/13497.A_Feast_for_Crows,"A Feast for Crows (A Song of Ice and Fire, #4)",George R.R. Martin,670032,4.14,5.6,1.23,1061,2005,China
436,https://www.goodreads.com/book/show/40873273-snow-flower-and-the-secret-fan,Snow Flower and the Secret Fan,Lisa See,356194,4.08,5.2,0.82,288,1939,United States
438,https://www.goodreads.com/book/show/7735333-matched,"Matched (Matched, #1)",Ally Condie,714899,3.64,2.22,-2.16,369,1985,United States
441,https://www.goodreads.com/book/show/8664353-unbroken,"Unbroken: A World War II Story of Survival, Resilience and Redemption",Laura Hillenbrand,852514,4.36,7.09,2.72,492,2005,United States
444,https://www.goodreads.com/book/show/14706.Faust_First_Part,"Faust, First Part",Johann Wolfgang von Goethe,65951,3.9,3.98,-0.4,327,1905,France
445,https://www.goodreads.com/book/show/136116.The_Scarlet_Pimpernel,The Scarlet Pimpernel,Emmuska Orczy,129727,4.06,5.06,0.69,182,1993,United States
447,https://www.goodreads.com/book/show/20613470-heir-of-fire,"Heir of Fire (Throne of Glass, #3)",Sarah J. Maas,407261,4.46,7.77,3.39,565,1966,United States
450,https://www.goodreads.com/book/show/11324204-houdini-heart,Houdini Heart,Ki Longfellow,6791,3.78,3.17,-1.21,254,1993,Canada
456,https://www.goodreads.com/book/show/3950967-the-tales-of-beedle-the-bard,The Tales of Beedle the Bard,J.K. Rowling,451332,4.05,4.99,0.62,109,2001,Ireland
460,https://www.goodreads.com/book/show/101299.The_Reader,The Reader,Bernhard Schlink,186293,3.77,3.1,-1.28,216,2003,India
464,https://www.goodreads.com/book/show/397483.The_Devil_in_the_White_City,"The Devil in the White City: Murder, Magic, and Madness at the Fair That Changed America",Erik Larson,593043,3.99,4.59,0.21,447,1991,United States
465,https://www.goodreads.com/book/show/11422.Redeeming_Love,Redeeming Love,Francine Rivers,252550,4.5,8.04,3.66,479,1969,United States
466,https://www.goodreads.com/book/show/13214.I_Know_Why_the_Caged_Bird_Sings,"I Know Why the Caged Bird Sings (Maya Angelou's Autobiography, #1)",Maya Angelou,465376,4.27,6.48,2.11,289,1984,Japan
467,https://www.goodreads.com/book/show/6088007-neuromancer,"Neuromancer (Sprawl, #1)",William Gibson,287961,3.9,3.98,-0.4,292,1920,United States
471,https://www.goodreads.com/book/show/42900.Lover_Awakened,"Lover Awakened (Black Dagger Brotherhood, #3)",J.R. Ward,170635,4.44,7.63,3.26,434,1914,Ireland
480,https://www.goodreads.com/book/show/18460392-all-the-bright-places,All the Bright Places,Jennifer Niven,422820,4.15,5.67,1.29,378,1945,Mexico
485,https://www.goodreads.com/book/show/256566.Everything_Is_Illuminated,Everything Is Illuminated,Jonathan Safran Foer,172833,3.89,3.91,-0.46,276,2007,United States
486,https://www.goodreads.com/book/show/690926.The_Twilight_Collection,"The Twilight Collection (Twilight, #1-3)",Stephenie Meyer,44920,3.8,3.3,-1.07,1690,1905,United States
488,https://www.goodreads.com/book/show/10987.Voyager,"Voyager (Outlander, #3)",Diana Gabaldon,279635,4.38,7.23,2.85,870,1934,Italy
489,https://www.goodreads.com/book/show/18765.I_Claudius,"I, Claudius (Claudius, #1)",Robert Graves,61574,4.23,6.21,1.84,468,1908,Italy
490,https://www.goodreads.com/book/show/3087.A_Room_with_a_View,A Room with a View,E.M. Forster,163764,3.91,4.05,-0.33,119,2000,France
491,https://www.goodreads.com/book/show/4137.Me_Talk_Pretty_One_Day,Me Talk Pretty One Day,David Sedaris,658379,3.99,4.59,0.21,272,1983,United States
492,https://www.goodreads.com/book/show/33124137-pet-sematary,Pet Sematary,Stephen King,487770,4.03,4.86,0.48,580,1994,United States
498,https://www.goodreads.com/book/show/84369.The_Last_Battle,"The Last Battle (Chronicles of Narnia, #7)",C.S. Lewis,246383,4.01,4.72,0.35,288,1971,United States
508,https://www.goodreads.com/book/show/8908.World_War_Z,World War Z: An Oral History of the Zombie War,Max Brooks,478613,4.01,4.72,0.35,342,1945,Italy
516,https://www.goodreads.com/book/show/43889.Wizard_s_First_Rule,"Wizard's First Rule (Sword of Truth, #1)",Terry Goodkind,237858,4.12,5.47,1.09,836,1990,United States
522,https://www.goodreads.com/book/show/40651883-snow-crash,Snow Crash,Neal Stephenson,252796,4.03,4.86,0.48,559,2000,Italy
527,https://www.goodreads.com/book/show/5890.The_Woman_in_White,The Woman in White,Wilkie Collins,142484,3.99,4.59,0.21,672,2012,United States
530,https://www.goodreads.com/book/show/764347.Unwind,"Unwind (Unwind, #1)",Neal Shusterman,209238,4.16,5.74,1.36,337,1999,France
537,https://www.goodreads.com/book/show/5326.A_Christmas_Carol,A Christmas Carol,Charles Dickens,703249,4.07,5.13,0.75,104,1945,United States
538,https://www.goodreads.com/book/show/4799.Cannery_Row,Cannery Row (Cannery Row #1),John Steinbeck,121239,4.05,4.99,0.62,181,2006,Pakistan
543,https://www.goodreads.com/book/show/51737.The_Truth_About_Forever,The Truth About Forever,Sarah Dessen,217099,4.12,5.47,1.09,374,2006,France
546,https://www.goodreads.com/book/show/197084.Are_You_My_Mother_,Are You My Mother?,P.D. Eastman,228886,4.19,5.94,1.57,64,1598,Italy
550,https://www.goodreads.com/book/show/27362503-it-ends-with-us,It Ends with Us,Colleen Hoover,819928,4.44,7.63,3.26,385,2013,Netherlands
553,https://www.goodreads.com/book/show/32075671-the-hate-u-give,"The Hate U Give (The Hate U Give, #1)",Angie Thomas,690698,4.5,8.04,3.66,454,2011,United States
559,https://www.goodreads.com/book/show/10637766-silence,"Silence (Hush, Hush, #3)",Becca Fitzpatrick,264969,4.09,5.26,0.89,448,1935,United States
560,https://www.goodreads.com/book/show/77767.Little_House_on_the_Prairie,"Little House on the Prairie (Little House, #3)",Laura Ingalls Wilder,273092,4.2,6.01,1.63,335,1913,France
569,https://www.goodreads.com/book/show/83144.The_Bronze_Horseman,"The Bronze Horseman (The Bronze Horseman, #1)",Paullina Simons,74895,4.29,6.62,2.24,637,2012,United States
572,https://www.goodreads.com/book/show/31122.I_Capture_the_Castle,I Capture the Castle,Dodie Smith,92812,4.0,4.65,0.28,408,2004,Ireland
577,https://www.goodreads.com/book/show/8337.Little_House_in_the_Big_Woods,"Little House in the Big Woods (Little House, #1)",Laura Ingalls Wilder,248785,4.19,5.94,1.57,198,2009,Ethiopia
584,https://www.goodreads.com/book/show/11899.The_Hours,The Hours,Michael Cunningham,131007,3.94,4.25,-0.13,230,1996,United States
590,https://www.goodreads.com/book/show/13006.Julius_Caesar,Julius Caesar,William Shakespeare,184052,3.69,2.56,-1.82,175,1945,United States
591,https://www.goodreads.com/book/show/92517.The_Glass_Menagerie,The Glass Menagerie,Tennessee Williams,121445,3.72,2.76,-1.61,104,2005,United States
596,https://www.goodreads.com/book/show/4134071-hunted,"Hunted (House of Night, #5)",P.C. Cast,174708,3.92,4.11,-0.26,323,1988,United States
598,https://www.goodreads.com/book/show/80660.We_Need_to_Talk_About_Kevin,We Need to Talk About Kevin,Lionel Shriver,181650,4.06,5.06,0.69,400,1897,France
600,https://www.goodreads.com/book/show/93101.The_Arabian_Nights,The Arabian Nights,Anonymous,73593,4.04,4.92,0.55,1049,1999,United States
606,https://www.goodreads.com/book/show/17332218-words-of-radiance,"Words of Radiance (The Stormlight Archive, #2)",Brandon Sanderson,256243,4.75,9.73,5.35,1087,2010,United States
608,https://www.goodreads.com/book/show/21853621-the-nightingale,The Nightingale,Kristin Hannah,909390,4.58,8.58,4.2,440,1946,United States
609,https://www.goodreads.com/book/show/5527.All_the_King_s_Men,All the King's Men,Robert Penn Warren,60705,4.07,5.13,0.75,439,2001,United States
611,https://www.goodreads.com/book/show/20820994-i-ll-give-you-the-sun,I'll Give You the Sun,Jandy Nelson,295758,4.15,5.67,1.29,371,1596,Italy
624,https://www.goodreads.com/book/show/27523.Left_Behind,"Left Behind (Left Behind, #1)",Tim LaHaye,216254,3.84,3.57,-0.8,470,2005,United States
627,https://www.goodreads.com/book/show/7664041-inheritance,"Inheritance (The Inheritance Cycle, #4)",Christopher Paolini,240878,4.11,5.4,1.02,849,2001,United Kingdom
631,https://www.goodreads.com/book/show/7631105-the-scorch-trials,"The Scorch Trials (The Maze Runner, #2)",James Dashner,508398,3.9,3.98,-0.4,362,1988,Italy
634,https://www.goodreads.com/book/show/34521870-mistress-suffragette,Mistress Suffragette,Diana   Forbes,7121,4.3,6.68,2.31,333,1940,United States
636,https://www.goodreads.com/book/show/59219.The_Talisman,"The Talisman (The Talisman, #1)",Stephen King,115264,4.13,5.53,1.16,656,2009,Japan
639,https://www.goodreads.com/book/show/10194157-shadow-and-bone,"Shadow and Bone (The Shadow and Bone Trilogy, #1)",Leigh Bardugo,683550,3.96,4.38,0.01,358,-429,Greece
646,https://www.goodreads.com/book/show/8852.Macbeth,Macbeth,William Shakespeare,761375,3.91,4.05,-0.33,249,1974,United States
647,https://www.goodreads.com/book/show/682804.The_Killer_Angels,"The Killer Angels (The Civil War Trilogy, #2)",Michael Shaara,80079,4.32,6.82,2.45,345,2005,United States
649,https://www.goodreads.com/book/show/13642.A_Wizard_of_Earthsea,"A Wizard of Earthsea (Earthsea Cycle, #1)",Ursula K. Le Guin,271417,4.0,4.65,0.28,183,1980,France
657,https://www.goodreads.com/book/show/28260587-empire-of-storms,"Empire of Storms (Throne of Glass, #5)",Sarah J. Maas,293394,4.55,8.38,4.0,689,1999,United States
660,https://www.goodreads.com/book/show/99300.The_Yellow_Wallpaper_and_Other_Stories,The Yellow Wallpaper and Other Stories,Charlotte Perkins Gilman,80807,4.05,4.99,0.62,70,1954,United States
662,https://www.goodreads.com/book/show/2767.A_People_s_History_of_the_United_States,A People's History of the United States,Howard Zinn,218569,4.07,5.13,0.75,729,2007,United States
665,https://www.goodreads.com/book/show/26032825-the-cruel-prince,"The Cruel Prince (The Folk of the Air, #1)",Holly Black,545106,4.1,5.33,0.96,370,1990,United States
666,https://www.goodreads.com/book/show/41219.Possession,Possession,A.S. Byatt,77429,3.88,3.84,-0.53,555,2000,Canada
667,https://www.goodreads.com/book/show/78433.The_Blind_Assassin,The Blind Assassin,Margaret Atwood,145662,3.96,4.38,0.01,637,1994,United States
669,https://www.goodreads.com/book/show/567678.The_Wasp_Factory,The Wasp Factory,Iain Banks,87765,3.8,3.3,-1.07,192,2001,United States
670,https://www.goodreads.com/book/show/2203.John_Adams,John Adams,David McCullough,341744,4.05,4.99,0.62,751,1998,Slovenia
672,https://www.goodreads.com/book/show/46756.Oryx_and_Crake,"Oryx and Crake (MaddAddam, #1)",Margaret Atwood,242087,4.01,4.72,0.35,389,2001,United States
679,https://www.goodreads.com/book/show/77197.Assassin_s_Apprentice,"Assassin's Apprentice (Farseer Trilogy, #1)",Robin Hobb,267656,4.16,5.74,1.36,435,1969,French Guiana
681,https://www.goodreads.com/book/show/47989.Night_Watch,"Night Watch (Discworld, #29; City Watch, #6)",Terry Pratchett,103457,4.47,7.83,3.46,480,2005,United States
687,https://www.goodreads.com/book/show/15749186-to-all-the-boys-i-ve-loved-before,"To All the Boys I've Loved Before (To All the Boys I've Loved Before, #1)",Jenny Han,669679,4.09,5.26,0.89,355,1967,United States
688,https://www.goodreads.com/book/show/3980.From_the_Mixed_Up_Files_of_Mrs_Basil_E_Frankweiler,From the Mixed-Up Files of Mrs. Basil E. Frankweiler,E.L. Konigsburg,200026,4.15,5.67,1.29,178,2000,United States
689,https://www.goodreads.com/book/show/14249.Prodigal_Summer,Prodigal Summer,Barbara Kingsolver,103490,4.01,4.72,0.35,444,2006,United States
694,https://www.goodreads.com/book/show/19351490-grimm-s-fairy-tales,Grimm's Fairy Tales,Jacob Grimm,25845,4.13,5.53,1.16,518,1994,Greece
698,https://www.goodreads.com/book/show/452306.The_Sisterhood_of_the_Traveling_Pants,"The Sisterhood of the Traveling Pants (Sisterhood, #1)",Ann Brashares,662345,3.81,3.37,-1.01,294,1970,United States
703,https://www.goodreads.com/book/show/6320534-under-the-dome,Under the Dome,Stephen King,276879,3.91,4.05,-0.33,1074,2009,Tunisia
707,https://www.goodreads.com/book/show/19547856-simon-vs-the-homo-sapiens-agenda,"Simon vs. the Homo Sapiens Agenda (Simonverse, #1)",Becky Albertalli,366161,4.22,6.14,1.77,303,1959,United States
712,https://www.goodreads.com/book/show/15783514-the-ocean-at-the-end-of-the-lane,The Ocean at the End of the Lane,Neil Gaiman,536475,4.01,4.72,0.35,181,2003,United States
717,https://www.goodreads.com/book/show/1202.Freakonomics,Freakonomics: A Rogue Economist Explores the Hidden Side of Everything,Steven D. Levitt,781875,3.99,4.59,0.21,268,1971,United States
718,https://www.goodreads.com/book/show/292408.Angle_of_Repose,Angle of Repose,Wallace Stegner,56566,4.23,6.21,1.84,569,1998,South Africa
719,https://www.goodreads.com/book/show/7061.The_No_1_Ladies_Detective_Agency,The No. 1 Ladies' Detective Agency (No. 1 Ladies' Detective Agency #1),Alexander McCall Smith,248657,3.8,3.3,-1.07,235,1970,United States
724,https://www.goodreads.com/book/show/667.Anthem,Anthem,Ayn Rand,141171,3.63,2.15,-2.22,105,1924,Switzerland
725,https://www.goodreads.com/book/show/88077.The_Magic_Mountain,The Magic Mountain,Thomas Mann,42477,4.11,5.4,1.02,706,1998,United States
726,https://www.goodreads.com/book/show/3478.Message_in_a_Bottle,Message in a Bottle,Nicholas Sparks,223444,3.97,4.45,0.08,342,1994,United States
727,https://www.goodreads.com/book/show/40024.The_Alienist,"The Alienist (Dr. Laszlo Kreizler, #1)",Caleb Carr,164360,4.05,4.99,0.62,498,2006,United States
728,https://www.goodreads.com/book/show/248704.It_s_Kind_of_a_Funny_Story,It's Kind of a Funny Story,Ned Vizzini,231708,4.1,5.33,0.96,444,2000,United Kingdom
731,https://www.goodreads.com/book/show/7864437-the-death-cure,"The Death Cure (The Maze Runner, #3)",James Dashner,386224,3.78,3.17,-1.21,325,2001,United States
733,https://www.goodreads.com/book/show/164154.A_Canticle_for_Leibowitz,"A Canticle for Leibowitz (St. Leibowitz, #1)",Walter M. Miller Jr.,100268,3.98,4.52,0.14,334,2007,Italy
734,https://www.goodreads.com/book/show/36336078-call-me-by-your-name,"Call Me By Your Name (Call Me By Your Name, #1)",André Aciman,332176,4.15,5.67,1.29,248,1998,United States
735,https://www.goodreads.com/book/show/11125.Digital_Fortress,Digital Fortress,Dan Brown,597365,3.68,2.49,-1.89,510,1999,Netherlands
739,https://www.goodreads.com/book/show/37095.The_Shell_Seekers,The Shell Seekers,Rosamunde Pilcher,100696,4.17,5.8,1.43,530,1937,Egypt
740,https://www.goodreads.com/book/show/131359.Death_on_the_Nile,"Death on the Nile (Hercule Poirot, #18)",Agatha Christie,178246,4.12,5.47,1.09,214,1958,United States
742,https://www.goodreads.com/book/show/16081272-the-edge-of-never,"The Edge of Never (The Edge of Never, #1)",J.A. Redmerski,145557,4.23,6.21,1.84,426,2003,United States
747,https://www.goodreads.com/book/show/11334.Song_of_Solomon,Song of Solomon,Toni Morrison,96702,4.11,5.4,1.02,337,2002,United States
750,https://www.goodreads.com/book/show/57891.Battle_Royale,Battle Royale,Koushun Takami,67407,4.21,6.08,1.7,617,1989,United States
758,https://www.goodreads.com/book/show/7940583-chasing-the-devil,Chasing the Devil: The Search for Africa's Fighting Spirit,Tim Butcher,1729,4.12,5.47,1.09,336,1881,Italy
765,https://www.goodreads.com/book/show/85990.Princess_Academy,"Princess Academy (Princess Academy, #1)",Shannon Hale,112653,4.01,4.72,0.35,314,1962,United States
767,https://www.goodreads.com/book/show/426504.Ficciones,Ficciones,Jorge Luis Borges,56040,4.43,7.56,3.19,174,2005,United States
769,https://www.goodreads.com/book/show/2153405.Still_Alice,Still Alice,Lisa Genova,317645,4.31,6.75,2.38,292,2000,United States
777,https://www.goodreads.com/book/show/7728.Antigone,"Antigone (The Theban Plays, #3)",Sophocles,122015,3.67,2.42,-1.95,80,1444,Egypt
778,https://www.goodreads.com/book/show/54479.Around_the_World_in_Eighty_Days,Around the World in Eighty Days,Jules Verne,210408,3.94,4.25,-0.13,252,1872,United States
785,https://www.goodreads.com/book/show/152380.Mary_Poppins,"Mary Poppins (Mary Poppins, #1)",P.L. Travers,123603,4.02,4.79,0.42,209,1934,United States
789,https://www.goodreads.com/book/show/36236123-survivor,Survivor,Chuck Palahniuk,113284,3.92,4.11,-0.26,304,1999,United States
792,https://www.goodreads.com/book/show/36072.The_7_Habits_of_Highly_Effective_People,The 7 Habits of Highly Effective People: Powerful Lessons in Personal Change,Stephen R. Covey,628147,4.14,5.6,1.23,372,1988,United States
799,https://www.goodreads.com/book/show/16328.The_Murder_of_Roger_Ackroyd,"The Murder of Roger Ackroyd (Hercule Poirot, #4)",Agatha Christie,196863,4.25,6.35,1.97,288,1926,United States
800,https://www.goodreads.com/book/show/50033.Dandelion_Wine,"Dandelion Wine (Green Town, #1)",Ray Bradbury,61721,4.07,5.13,0.75,239,1957,United States
803,https://www.goodreads.com/book/show/77295.Gift_from_the_Sea,Gift from the Sea,Anne Morrow Lindbergh,45917,4.15,5.67,1.29,130,1955,France
804,https://www.goodreads.com/book/show/46164.Tender_Is_the_Night,Tender Is the Night,F. Scott Fitzgerald,122721,3.8,3.3,-1.07,315,1934,United States
807,https://www.goodreads.com/book/show/1848.Wild_Swans,Wild Swans: Three Daughters of China,Jung Chang,103140,4.25,6.35,1.97,562,1991,United States
810,https://www.goodreads.com/book/show/8695.The_Restaurant_at_the_End_of_the_Universe,"The Restaurant at the End of the Universe (Hitchhiker's Guide to the Galaxy, #2)",Douglas Adams,254589,4.21,6.08,1.7,250,1980,United States
812,https://www.goodreads.com/book/show/280111.Holy_Bible,Holy Bible: New International Version,Anonymous,71943,4.59,8.65,4.27,1248,1973,United States
814,https://www.goodreads.com/book/show/186190.Forrest_Gump,"Forrest Gump (Forrest Gump, #1)",Winston Groom,63354,4.04,4.92,0.55,248,1986,Italy
817,https://www.goodreads.com/book/show/5091.The_Dark_Tower,"The Dark Tower (The Dark Tower, #7)",Stephen King,158421,4.25,6.35,1.97,1050,2004,Ireland
821,https://www.goodreads.com/book/show/386372.Mort,"Mort (Discworld, #4; Death, #1)",Terry Pratchett,217107,4.22,6.14,1.77,243,1987,United States
822,https://www.goodreads.com/book/show/19691.The_Hunt_for_Red_October,"The Hunt for Red October (Jack Ryan, #3)",Tom Clancy,356378,4.09,5.26,0.89,432,1984,United States
825,https://www.goodreads.com/book/show/13596809-reflected-in-you,"Reflected in You (Crossfire, #2)",Sylvia Day,328034,4.31,6.75,2.38,338,2012,Germany
826,https://www.goodreads.com/book/show/16640.The_Sorrows_of_Young_Werther,The Sorrows of Young Werther,Johann Wolfgang von Goethe,102108,3.68,2.49,-1.89,149,1774,United States
830,https://www.goodreads.com/book/show/1241.A_Million_Little_Pieces,A Million Little Pieces,James Frey,238362,3.66,2.35,-2.02,515,2003,United States
832,https://www.goodreads.com/book/show/2595138-the-gargoyle,The Gargoyle,Andrew Davidson,47854,3.95,4.32,-0.06,468,2008,United States
833,https://www.goodreads.com/book/show/30281.Guilty_Pleasures,"Guilty Pleasures (Anita Blake, Vampire Hunter, #1)",Laurell K. Hamilton,140397,4.02,4.79,0.42,355,1993,Sweden
841,https://www.goodreads.com/book/show/9014.The_Long_Walk,The Long Walk,Richard Bachman,148910,4.09,5.26,0.89,370,1979,United States
842,https://www.goodreads.com/book/show/2666.The_Bonfire_of_the_Vanities,The Bonfire of the Vanities,Tom Wolfe,75789,3.87,3.77,-0.6,690,1987,United States
844,https://www.goodreads.com/book/show/368916.84_Charing_Cross_Road,"84, Charing Cross Road",Helene Hanff,61869,4.14,5.6,1.23,97,1967,United States
847,https://www.goodreads.com/book/show/18243700-the-assassin-s-blade,"The Assassin's Blade (Throne of Glass, #0.1-0.5)",Sarah J. Maas,214564,4.35,7.02,2.65,448,1609,Netherlands
850,https://www.goodreads.com/book/show/140079.Definitely_Dead,Definitely Dead (Sookie Stackhouse #6),Charlaine Harris,198408,4.0,4.65,0.28,324,2005,United States
851,https://www.goodreads.com/book/show/9566.Still_Life_with_Woodpecker,Still Life with Woodpecker,Tom Robbins,77311,4.02,4.79,0.42,288,2006,United States
856,https://www.goodreads.com/book/show/5168.Where_the_Heart_Is,Where the Heart Is,Billie Letts,243181,4.03,4.86,0.48,376,1995,United States
857,https://www.goodreads.com/book/show/162898.A_Connecticut_Yankee_in_King_Arthur_s_Court,A Connecticut Yankee in King Arthur's Court,Mark Twain,99566,3.77,3.1,-1.28,480,1889,United States
859,https://www.goodreads.com/book/show/40496.How_Green_Was_My_Valley,How Green Was My Valley,Richard Llewellyn,15774,4.19,5.94,1.57,448,1939,United States
860,https://www.goodreads.com/book/show/9791.A_Walk_in_the_Woods,A Walk in the Woods: Rediscovering America on the Appalachian Trail,Bill Bryson,372507,4.06,5.06,0.69,397,1998,United States
864,https://www.goodreads.com/book/show/321552.The_Agony_and_the_Ecstasy,The Agony and the Ecstasy,Irving Stone,85868,4.07,5.13,0.75,776,1958,United States
867,https://www.goodreads.com/book/show/17728.The_House_of_Mirth,The House of Mirth,Edith Wharton,89756,3.95,4.32,-0.06,351,1905,United States
871,https://www.goodreads.com/book/show/76171.We,We,Yevgeny Zamyatin,81795,3.91,4.05,-0.33,226,1924,France
872,https://www.goodreads.com/book/show/4631.A_Moveable_Feast,A Moveable Feast,Ernest Hemingway,132544,4.02,4.79,0.42,192,1964,United States
876,https://www.goodreads.com/book/show/41424.Beauty,Beauty: A Retelling of the Story of Beauty and the Beast,Robin McKinley,76772,4.05,4.99,0.62,256,1978,United States
881,https://www.goodreads.com/book/show/529626.Sometimes_a_Great_Notion,Sometimes a Great Notion,Ken Kesey,20938,4.24,6.28,1.9,640,1964,United States
885,https://www.goodreads.com/book/show/23878688-the-5-love-languages,The 5 Love Languages: The Secret to Love that Lasts,Gary Chapman,353040,4.26,6.41,2.04,232,1990,United States
886,https://www.goodreads.com/book/show/976.Deception_Point,Deception Point,Dan Brown,630941,3.73,2.83,-1.55,556,2001,United States
889,https://www.goodreads.com/book/show/111332.Into_the_Wild,"Into the Wild (Warriors, #1)",Erin Hunter,85889,4.3,6.68,2.31,288,2003,Australia
892,https://www.goodreads.com/book/show/99944.The_Bhagavad_Gita,The Bhagavad Gita,Krishna-Dwaipayana Vyasa,61161,4.15,5.67,1.29,160,-400,Canada
893,https://www.goodreads.com/book/show/11918.Bitten,"Bitten (Otherworld, #1)",Kelley Armstrong,99152,4.02,4.79,0.42,436,2001,United States
895,https://www.goodreads.com/book/show/5096.Wizard_and_Glass,"Wizard and Glass (The Dark Tower, #4)",Stephen King,178974,4.24,6.28,1.9,845,1997,United States
898,https://www.goodreads.com/book/show/310459.Roll_of_Thunder_Hear_My_Cry,"Roll of Thunder, Hear My Cry (Logans, #4)",Mildred D. Taylor,118616,3.86,3.71,-0.67,288,1976,United States
902,https://www.goodreads.com/book/show/54539.Silas_Marner,Silas Marner,George Eliot,79893,3.66,2.35,-2.02,262,1861,United States
904,https://www.goodreads.com/book/show/414999.Childhood_s_End,Childhood's End,Arthur C. Clarke,142785,4.11,5.4,1.02,224,1953,United States
905,https://www.goodreads.com/book/show/84136.Fantasy_Lover,"Fantasy Lover (Hunter Legends, #1)",Sherrilyn Kenyon,89479,4.15,5.67,1.29,337,2002,United States
908,https://www.goodreads.com/book/show/60400.The_Ruins_of_Gorlan,"The Ruins of Gorlan (Ranger's Apprentice, #1)",John Flanagan,137792,4.23,6.21,1.84,249,2004,United States
910,https://www.goodreads.com/book/show/47021.The_Taming_of_the_Shrew,The Taming of the Shrew,William Shakespeare,160484,3.78,3.17,-1.21,291,1593,United States
914,https://www.goodreads.com/book/show/13651.The_Dispossessed,"The Dispossessed (Hainish Cycle, #6)",Ursula K. Le Guin,101979,4.22,6.14,1.77,387,1974,United States
917,https://www.goodreads.com/book/show/732562.The_Rime_of_the_Ancient_Mariner,The Rime of the Ancient Mariner,Samuel Taylor Coleridge,55144,3.95,4.32,-0.06,77,1798,United States
926,https://www.goodreads.com/book/show/479415.The_Horse_Whisperer,The Horse Whisperer,Nicholas Evans,54238,3.83,3.5,-0.87,451,1995,United States
929,https://www.goodreads.com/book/show/51893.Thus_Spoke_Zarathustra,Thus Spoke Zarathustra,Friedrich Nietzsche,125916,4.06,5.06,0.69,327,1883,Spain
933,https://www.goodreads.com/book/show/29797.The_Pilgrim_s_Progress,The Pilgrim's Progress,John Bunyan,121345,4.01,4.72,0.35,324,1684,United States
935,https://www.goodreads.com/book/show/17961.Collected_Fictions,Collected Fictions,Jorge Luis Borges,21864,4.57,8.51,4.14,565,1998,United States
936,https://www.goodreads.com/book/show/15925.The_Guardian,The Guardian,Nicholas Sparks,169066,4.15,5.67,1.29,400,2003,France
937,https://www.goodreads.com/book/show/31196.The_Razor_s_Edge,The Razor's Edge,W. Somerset Maugham,40678,4.19,5.94,1.57,314,1944,India
938,https://www.goodreads.com/book/show/45195.A_Passage_to_India,A Passage to India,E.M. Forster,74262,3.68,2.49,-1.89,376,1924,United States
940,https://www.goodreads.com/book/show/171547.Songs_of_Innocence_and_of_Experience,Songs of Innocence and of Experience,William Blake,43525,4.1,5.33,0.96,56,1794,United States
941,https://www.goodreads.com/book/show/7494.Suzanne_s_Diary_for_Nicholas,Suzanne's Diary for Nicholas,James Patterson,144997,4.16,5.74,1.36,289,2001,United States
944,https://www.goodreads.com/book/show/3463.A_Bend_in_the_Road,A Bend in the Road,Nicholas Sparks,143617,4.03,4.86,0.48,341,2001,United States
946,https://www.goodreads.com/book/show/37793.A_Doll_s_House,A Doll's House,Henrik Ibsen,121252,3.75,2.96,-1.41,122,1879,United States
948,https://www.goodreads.com/book/show/40605329-the-mysterious-benedict-society,"The Mysterious Benedict Society (The Mysterious Benedict Society, #1)",Trenton Lee Stewart,140697,4.18,5.87,1.5,497,2007,United States
949,https://www.goodreads.com/book/show/29999.The_Maltese_Falcon,The Maltese Falcon,Dashiell Hammett,98234,3.89,3.91,-0.46,213,1930,United States
950,https://www.goodreads.com/book/show/872333.Blue_Bloods,"Blue Bloods (Blue Bloods, #1)",Melissa de la Cruz,138677,3.69,2.56,-1.82,302,2006,Switzerland
955,https://www.goodreads.com/book/show/19405702-walks-away-woman,Walks Away Woman,Ki Longfellow,1113,4.37,7.16,2.78,254,2013,United States
957,https://www.goodreads.com/book/show/50.Hatchet,"Hatchet (Brian's Saga, #1)",Gary Paulsen,344848,3.75,2.96,-1.41,208,1987,United States
961,https://www.goodreads.com/book/show/242006.Running_with_Scissors,Running with Scissors,Augusten Burroughs,372809,3.74,2.89,-1.48,304,2002,Sweden
962,https://www.goodreads.com/book/show/943402.Let_the_Right_One_In,Let the Right One In,John Ajvide Lindqvist,100294,4.04,4.92,0.55,513,2004,United States
965,https://www.goodreads.com/book/show/25845273-the-great-divorce,The Great Divorce,C.S. Lewis,124488,4.29,6.62,2.24,146,1945,United States
970,https://www.goodreads.com/book/show/34532.Hogfather,"Hogfather (Discworld, #20; Death, #4)",Terry Pratchett,84916,4.23,6.21,1.84,432,1996,United States
971,https://www.goodreads.com/book/show/19390926-point-of-retreat,"Point of Retreat (Slammed, #2)",Colleen Hoover,151779,4.26,6.41,2.04,320,2012,United States
974,https://www.goodreads.com/book/show/27822.Eugene_Onegin,Eugene Onegin,Alexander Pushkin,56356,4.1,5.33,0.96,240,1833,United States
976,https://www.goodreads.com/book/show/6259.Birdsong,Birdsong: A Novel of Love and War,Sebastian Faulks,73354,4.09,5.26,0.89,483,1993,United States
979,https://www.goodreads.com/book/show/216363.The_Man_in_the_High_Castle,The Man in the High Castle,Philip K. Dick,188440,3.61,2.02,-2.36,259,1962,United States
980,https://www.goodreads.com/book/show/497199.Factotum,Factotum,Charles Bukowski,63603,3.93,4.18,-0.19,208,1975,United States
981,https://www.goodreads.com/book/show/581811.Valley_of_the_Dolls,Valley of the Dolls,Jacqueline Susann,55580,3.78,3.17,-1.21,448,1966,United States
984,https://www.goodreads.com/book/show/7669.Timeline,Timeline,Michael Crichton,197521,3.86,3.71,-0.67,489,1999,United States
989,https://www.goodreads.com/book/show/43916.Magician,"Magician (The Riftwar Saga, #1-2)",Raymond E. Feist,63929,4.3,6.68,2.31,681,1982,United States
992,https://www.goodreads.com/book/show/24113.G_del_Escher_Bach,"Gödel, Escher, Bach: An Eternal Golden Braid",Douglas R. Hofstadter,46312,4.28,6.55,2.17,777,1979,United States
997,https://www.goodreads.com/book/show/17343.Till_We_Have_Faces,Till We Have Faces,C.S. Lewis,61709,4.15,5.67,1.29,313,1956,Germany
998,https://www.goodreads.com/book/show/32829.Journey_to_the_Center_of_the_Earth,Journey to the Center of the Earth,Jules Verne,171939,3.86,3.71,-0.67,240,1864,France
